﻿store_id,store_name,store_street,store_street_number,store_city,store_region,store_post_code,store_country
3426bcdd-9f81-437a-9a78-6c45763eb8cd,Fresh Harvest Market,Kinsman,5,El Paso,Texas,88546,United States
663f01c2-1020-4559-bac3-d711dcb3af93,Fresh Harvest Market,High Crossing,31,Bakersfield,California,93386,United States
3cdd4d57-8eae-405d-b38e-b997284a1448,Fresh Harvest Market,Mayfield,7483,Alpharetta,Georgia,30022,United States
340935fc-e866-4c48-b79b-ea28d7897cb6,Fresh Harvest Market,Mcguire,140,Pittsburgh,Pennsylvania,15255,United States
14f61afc-1acb-4b46-9bbc-4e8bddc90ef1,Fresh Harvest Market,Stephen,4595,Las Vegas,Nevada,89166,United States
c9843840-d075-471f-9eec-da847083f6c1,Fresh Harvest Market,Bultman,72,Minneapolis,Minnesota,55480,United States
f988c5b6-dbff-4d60-aaae-f59766d9ea08,Fresh Harvest Market,Amoth,9,Dallas,Texas,75277,United States
260908b1-9e0d-40fa-a75c-0473f7d23e01,Fresh Harvest Market,Continental,69079,Phoenix,Arizona,85020,United States
ff583d1b-b911-4779-b41c-7e390ca4492c,Fresh Harvest Market,Loomis,32578,Knoxville,Tennessee,37995,United States
3baf1193-23c4-4634-9e68-aa50d2fac6d9,Fresh Harvest Market,Riverside,45,Appleton,Wisconsin,54915,United States
a58b720b-76ea-40f7-b86c-2bdc6cc2016f,Fresh Harvest Market,Pond,64811,Valdosta,Georgia,31605,United States
adda0299-3bf5-467e-a1f0-980a687b7abe,Fresh Harvest Market,Gale,23,Tulsa,Oklahoma,74193,United States
ea647012-9904-40f0-ba04-8f3834be4216,Fresh Harvest Market,School,35,Wichita,Kansas,67236,United States
64d8bed2-d34b-419b-8078-e5c664a93d49,Fresh Harvest Market,Scoville,56,Kansas City,Missouri,64179,United States
5b74aacb-d84c-4b9c-bb81-6e2b30f9336b,Fresh Harvest Market,Coleman,10,Scottsdale,Arizona,85271,United States
3cf2b42f-53a3-46ca-8b26-c1ab4177304a,Fresh Harvest Market,Acker,2274,Shawnee Mission,Kansas,66286,United States
cc5cba4f-9b90-4b9b-ae77-de0a0f278dc7,Fresh Harvest Market,Anhalt,296,New Haven,Connecticut,6505,United States
e8846597-f152-440a-aa08-0e42613a601d,Fresh Harvest Market,Macpherson,8186,Fort Smith,Arkansas,72905,United States
6cd89ffe-2aa3-4304-b262-8bdd505a35b7,Fresh Harvest Market,Birchwood,2411,Fullerton,California,92640,United States
86853a2c-7237-4383-83ed-9a0b72c2d398,Fresh Harvest Market,East,5829,Los Angeles,California,90025,United States
4b410502-0297-4d36-a359-47bf564bdc65,Fresh Harvest Market,Sauthoff,324,Saint Paul,Minnesota,55188,United States
e0bfe050-76ac-4973-a87e-8325acb3f649,Fresh Harvest Market,Barby,77,Boulder,Colorado,80310,United States
c57dc5a9-4ae3-4e82-bef5-0600186b2708,Fresh Harvest Market,Namekagon,186,Indianapolis,Indiana,46295,United States
d5fc607e-8bb6-440f-a637-82c38e4372c8,Fresh Harvest Market,Fair Oaks,55528,Ogden,Utah,84409,United States
77f50137-c1e4-4652-af5d-7ff7befabe99,Fresh Harvest Market,Pearson,6679,Torrance,California,90505,United States
e8c9cf29-80fe-4b85-a2de-74ee70ce9d2a,Fresh Harvest Market,Maple,7,Naples,Florida,33961,United States
86318aad-b244-4c01-825d-eed6a3ae5228,Fresh Harvest Market,Lakewood Gardens,29,Lansing,Michigan,48919,United States
5c93cbf8-fbbc-4581-922b-c75865a282b2,Fresh Harvest Market,Harbort,9,Levittown,Pennsylvania,19058,United States
31f9720c-6d9c-425f-9e04-99589b93fd3a,Fresh Harvest Market,Bunting,7,Bakersfield,California,93386,United States
0b741339-d095-4375-ad75-a101e6bf54bb,Fresh Harvest Market,Clyde Gallagher,8,Mobile,Alabama,36616,United States
54e37300-00b0-4fdd-81b4-87d67ed8008e,Fresh Harvest Market,Hanson,3,Erie,Pennsylvania,16534,United States
049815d9-8f31-4ec6-b234-f723961dca3a,Fresh Harvest Market,Sauthoff,50998,Lincoln,Nebraska,68505,United States
7f09dc93-3493-475c-b6dd-ab550fd11f50,Fresh Harvest Market,Eastwood,1,Miami,Florida,33153,United States
e110a651-0cb8-411a-b43a-5f1206fcdada,Fresh Harvest Market,John Wall,44083,San Bernardino,California,92415,United States
a493722e-88cf-4f0a-8710-4684b658177d,Fresh Harvest Market,Kim,30,Bakersfield,California,93305,United States
9cca3655-7431-4e37-84be-b703ceb6b3d1,Fresh Harvest Market,Fieldstone,9,Amarillo,Texas,79159,United States
1bf9219b-b85a-4e6e-81ca-42affb262eb9,Fresh Harvest Market,Kipling,1,Huntington,West Virginia,25716,United States
dcc644d8-02a3-4672-ba00-43e3e931650f,Fresh Harvest Market,Southridge,8622,Fresno,California,93726,United States
3ad14f5f-0ea5-4336-ad42-dc6a1ee3bcb3,Fresh Harvest Market,Crowley,662,Houston,Texas,77223,United States
b5a68049-58b8-477f-9e37-ceb0677453c7,Fresh Harvest Market,Hallows,10,Los Angeles,California,90094,United States
93c80b5e-84ca-4de5-a972-5deb43029d93,Fresh Harvest Market,Blackbird,82598,Fort Lauderdale,Florida,33310,United States
3f256590-16af-478b-a936-1c70c21c6c8a,Fresh Harvest Market,Holmberg,300,Evansville,Indiana,47732,United States
11ca83b3-a95b-4ccc-ac25-654ff3ebbdf6,Fresh Harvest Market,Pond,64,San Jose,California,95133,United States
e37ef804-964c-43b6-9429-33cdbb7fd3d1,Fresh Harvest Market,Novick,52,Tucson,Arizona,85737,United States
d4cd90d8-0b7b-420e-9544-567bd886666f,Fresh Harvest Market,Hovde,2505,Albuquerque,New Mexico,87110,United States
1afd989e-45c9-4563-83cc-e6f817824243,Fresh Harvest Market,Goodland,663,Cleveland,Ohio,44111,United States
13e90da1-0db2-44a2-b207-9062f896e0d0,Fresh Harvest Market,Summerview,4,Atlanta,Georgia,30340,United States
34e17475-b024-4dda-8896-a9ae473778d1,Fresh Harvest Market,Loomis,5,Richmond,Virginia,23272,United States
9cab19d4-c59f-4bb4-bfb1-ce263a77b900,Fresh Harvest Market,Texas,49433,Grand Forks,North Dakota,58207,United States
dff737d0-f6f0-4117-8a04-d9be4ee48768,Fresh Harvest Market,Old Shore,9,Amarillo,Texas,79182,United States
743ad315-2eef-4fee-8359-72e18cdc0d0d,Fresh Harvest Market,Karstens,8,Des Moines,Iowa,50393,United States
84bb8de1-a8e4-4bd4-97ee-e65655e8b10f,Fresh Harvest Market,Iowa,72,Fairbanks,Alaska,99709,United States
aaddc438-0c9d-4919-8d5a-f385c83f6ac4,Fresh Harvest Market,Macpherson,9695,Anaheim,California,92805,United States
648b1af1-29bb-428b-a2a2-5a1db63f2da6,Fresh Harvest Market,Miller,77,Philadelphia,Pennsylvania,19125,United States
ab2e071b-c381-4069-ac51-f4ef36a37b13,Fresh Harvest Market,Tennyson,6,Battle Creek,Michigan,49018,United States
f4e5cc6f-b58d-4db5-a0f8-f1c615f10403,Fresh Harvest Market,Sycamore,6,El Paso,Texas,79945,United States
5e5192d1-d24b-4336-bcbf-9fb7eb6191f4,Fresh Harvest Market,Hansons,76,Redwood City,California,94064,United States
1,Peak Performance Provisions,Bay,50,San Antonio,Texas,78215,United States
2,Peak Performance Provisions,North,357,Chattanooga,Tennessee,37416,United States
3,Peak Performance Provisions,Kensington,7397,Pasadena,California,91109,United States
4,Peak Performance Provisions,Eliot,1,Saginaw,Michigan,48609,United States
5,Peak Performance Provisions,Calypso,44,Shreveport,Louisiana,71151,United States
6,Peak Performance Provisions,Fieldstone,6965,Muncie,Indiana,47306,United States
7,Peak Performance Provisions,Bunker Hill,3836,Miami,Florida,33196,United States
8,Peak Performance Provisions,Cardinal,64036,Fort Smith,Arkansas,72916,United States
9,Peak Performance Provisions,Shasta,44,Charlotte,North Carolina,28205,United States
10,Peak Performance Provisions,Arizona,862,Fort Smith,Arkansas,72916,United States
11,Peak Performance Provisions,Hollow Ridge,57858,Charlotte,North Carolina,28299,United States
12,Peak Performance Provisions,Marquette,1,Abilene,Texas,79699,United States
13,Peak Performance Provisions,Kim,3,Gastonia,North Carolina,28055,United States
14,Peak Performance Provisions,Prentice,43883,Saint Louis,Missouri,63180,United States
c8bfc96b,Local Grocer,Havey,232,Meridian,Mississippi,39305,United States
b39a9725,Local Grocer,Forest,851,Pasadena,California,91186,United States
45620655,Local Grocer,Little Fleur,21475,Rochester,New York,14619,United States
e3b5bf13,Local Grocer,East,7942,Garden Grove,California,92645,United States
0e69db6b,Local Grocer,Linden,3906,Chicago,Illinois,60652,United States
5c34ec10,Local Grocer,New Castle,8,Huntington,West Virginia,25711,United States
ae29480d,Local Grocer,Loomis,97,Birmingham,Alabama,35231,United States
bb3bad9d,Local Grocer,Golf View,23775,Portland,Oregon,97286,United States
958e9681,Local Grocer,Riverside,23,Washington,District of Columbia,20414,United States
8d1ebf2c,Local Grocer,Ilene,145,Baton Rouge,Louisiana,70836,United States
b46cbfa0,Local Grocer,Prairieview,19842,Woburn,Massachusetts,1813,United States
5668,The Corner Store,Dovetail,69,El Paso,Texas,79994,United States
8235,The Corner Store,Elmside,74,San Diego,California,92132,United States
8590,The Corner Store,Waxwing,2,Oklahoma City,Oklahoma,73124,United States
6898,The Corner Store,Main,631,Kent,Washington,98042,United States
7903,The Corner Store,Victoria,68091,Philadelphia,Pennsylvania,19093,United States
7946,The Corner Store,Knutson,3296,Washington,District of Columbia,20525,United States
7097,The Corner Store,Old Gate,94,Boston,Massachusetts,2298,United States
7761,The Corner Store,Riverside,8916,Houston,Texas,77020,United States
5258,The Corner Store,Lukken,1,Bonita Springs,Florida,34135,United States
6976,The Corner Store,Knutson,98,Hartford,Connecticut,6140,United States
6480,The Corner Store,Sundown,9,Baton Rouge,Louisiana,70815,United States
5633,The Corner Store,Grayhawk,86,Duluth,Minnesota,55811,United States
7966,The Corner Store,Schlimgen,89258,Philadelphia,Pennsylvania,19136,United States
5569,The Corner Store,Green,88552,Tacoma,Washington,98405,United States
4661,The Corner Store,Heffernan,64,Washington,District of Columbia,20591,United States
8713,The Corner Store,Troy,367,Richmond,Virginia,23203,United States
4403,The Corner Store,Iowa,41263,Buffalo,New York,14276,United States
6471,The Corner Store,Schlimgen,16,Colorado Springs,Colorado,80905,United States
8843,The Corner Store,Twin Pines,92340,Atlanta,Georgia,30340,United States
4907,The Corner Store,Lindbergh,8,El Paso,Texas,88563,United States
6711,The Corner Store,Monica,861,Wilkes Barre,Pennsylvania,18768,United States
8016,The Corner Store,Lakewood Gardens,6506,San Jose,California,95113,United States
4024,The Corner Store,Hanover,44167,Anchorage,Alaska,99507,United States
7102,The Corner Store,Caliangt,50705,Chicago,Illinois,60609,United States
7360,The Corner Store,Hallows,84,North Hollywood,California,91606,United States
5021,The Corner Store,Springs,40,Washington,District of Columbia,20226,United States
4043,The Corner Store,Coleman,6564,Arlington,Texas,76011,United States
8961,The Corner Store,Mendota,207,Boston,Massachusetts,2124,United States
4360,The Corner Store,Northfield,5,Las Vegas,Nevada,89160,United States
8396,The Corner Store,Manufacturers,90,Battle Creek,Michigan,49018,United States
162a5f514afd4220a789306d8da4a1b4,Greenfield Grocery,Burning Wood,1,Boston,Massachusetts,2283,United States
4441725360f74da2a1d3ab668902fc12,Greenfield Grocery,Sutteridge,65877,Ashburn,Virginia,22093,United States
2fa62ed81c884b4b874e16c25f5d5739,Greenfield Grocery,Lukken,4818,Silver Spring,Maryland,20910,United States
a2b3d49e539749a5b37da548446d52f9,Greenfield Grocery,High Crossing,7317,Cincinnati,Ohio,45999,United States
54560f467c8747ca9e1f75eb2843ffb8,Greenfield Grocery,Springs,82498,Frederick,Maryland,21705,United States
d067284245274599b9da0ed9807ba173,Greenfield Grocery,Monument,2120,Davenport,Iowa,52809,United States
4f5bbe2d1c874772b1d4ad78f73da322,Greenfield Grocery,Clemons,79814,West Hartford,Connecticut,6127,United States
947d7b370c7e434d885bab31cac69853,Greenfield Grocery,Mayer,29551,Amarillo,Texas,79165,United States
01e51dd5135040049083dd7ede16fbee,Greenfield Grocery,Eagle Crest,2529,Tampa,Florida,33610,United States
236a1a2f0bc94a4abf1c600893a0ba18,Greenfield Grocery,Redwing,60089,Austin,Texas,78783,United States
5a389d8e95c94a6898a59d298f7d8142,Greenfield Grocery,Hoepker,36308,Omaha,Nebraska,68179,United States
1f79980807c9417b83f26edb24395830,Greenfield Grocery,Fremont,386,Washington,District of Columbia,20470,United States
972dd04edecb47d79e2e15537045c788,Greenfield Grocery,Longview,37,North Port,Florida,34290,United States
e022aff99fd44d1d9ffb0a53e09d2174,Greenfield Grocery,Glacier Hill,5063,Los Angeles,California,90050,United States
a6d23b45c0454abf8669a608f8dd9cb2,Greenfield Grocery,Grayhawk,3,Brooklyn,New York,11220,United States
81cc0231136244b59acdc8787e765a6c,Greenfield Grocery,Shelley,8,Houston,Texas,77090,United States
3e358fb2c1304541b4d79fbca6c50052,Greenfield Grocery,Independence,76,Boise,Idaho,83705,United States
caad587229c244429a7ed363a11077a7,Greenfield Grocery,Daystar,4644,Washington,District of Columbia,20520,United States
836fb5f021f144339d84fbb1c3cc9c24,Greenfield Grocery,Fisk,2,Lancaster,California,93584,United States
ec7f89d8b85f4c2fab2dd2d06a8d1c6d,Greenfield Grocery,Troy,503,Grand Rapids,Michigan,49505,United States
e14098a03dad46e899f561f169c38cd3,Greenfield Grocery,Gateway,5,South Lake Tahoe,California,96154,United States
9476881797344bf28e66036f318c9e31,Greenfield Grocery,Stang,0,San Luis Obispo,California,93407,United States
ba83f9bb53654bffac36622297a4ea77,Greenfield Grocery,Doe Crossing,5,Burbank,California,91505,United States
3c1d27932a68405193601020dde8858d,Greenfield Grocery,Independence,657,Des Moines,Iowa,50369,United States
c356eeeb5eb04660938faf07766533a6,Greenfield Grocery,Anniversary,42642,Inglewood,California,90398,United States
b54f90f234094fa691a7add54bb9a06b,Greenfield Grocery,Onsgard,64,Topeka,Kansas,66629,United States
6f1fcc7a203244e99ca18bd4a39303a1,Greenfield Grocery,Victoria,74,Minneapolis,Minnesota,55407,United States
cd36fff9b9e34f729fcae86686a8f6bd,Greenfield Grocery,Bonner,1015,Louisville,Kentucky,40266,United States
5afa73e43b784cdb9d01ef6ea9296aea,Greenfield Grocery,Mockingbird,37,El Paso,Texas,79984,United States
16fd7592c8594057b626e2b496e857dc,Greenfield Grocery,Dryden,4030,Pueblo,Colorado,81015,United States
5d6cc3406f484fa1ba4997ec55cfc7fe,Greenfield Grocery,Oak,285,Cincinnati,Ohio,45208,United States
d7153f37ca6447f1ba87e895ccf2cc39,Greenfield Grocery,Cordelia,57,Houston,Texas,77090,United States
0dc509c44df344368687c096af6499c5,Greenfield Grocery,Quincy,83,New Orleans,Louisiana,70160,United States
5d67ff410d47460dac19ed42f837ad42,Greenfield Grocery,West,1,Trenton,New Jersey,8619,United States
d93c035f79eb47b99a7133549a41a6df,Greenfield Grocery,Milwaukee,7778,San Diego,California,92153,United States
09b798b1a0024bbb915e914ae53e8af8,Greenfield Grocery,Declaration,22755,Dallas,Texas,75260,United States
684d0fb0d274492f997ee0e6beab4c74,Greenfield Grocery,Brickson Park,2638,Pittsburgh,Pennsylvania,15261,United States
24695df4d75548e9ab68dcaec6e48293,Greenfield Grocery,Algoma,151,Waco,Texas,76711,United States
8a309e3ee39742e5aec9390905a911de,Greenfield Grocery,Russell,77882,Miami,Florida,33129,United States
160f54f352b04fd3aaecc130fc931abe,Greenfield Grocery,Garrison,54918,Corpus Christi,Texas,78405,United States
f227cc2e382d420ea705dca42863e9a4,Greenfield Grocery,Armistice,2876,Bronx,New York,10469,United States
93a9e1b1c4ed461b8a70699d5dfd0cf5,Greenfield Grocery,Glacier Hill,1338,Gaithersburg,Maryland,20883,United States
